condition,frame_idx,w_cam,w_lidar,r_cam,r_lidar
Clean_Nominal,0,0.0,1.0,0.01,0.21595077032738247
Clean_Nominal,1,0.0,1.0,0.01,0.2109022768222217
Clean_Nominal,2,0.0,1.0,0.01,0.28421395998979165
Clean_Nominal,3,0.0,1.0,0.01,0.18482449787120553
Clean_Nominal,4,0.0,1.0,0.01,0.27912328456454477
Clean_Nominal,5,0.0,1.0,0.009999999999999998,0.21427065503757925
Clean_Nominal,6,0.0,1.0,0.01,0.2789637282726907
Clean_Nominal,7,0.0,1.0,0.009999999999999998,0.29321222101390093
Clean_Nominal,8,0.0,1.0,0.01,0.23462736962674077
Clean_Nominal,9,0.0,1.0,0.009999999999999998,0.21958023487941736
Clean_Nominal,10,0.0,1.0,0.01,0.2926524650563712
Clean_Nominal,11,0.0,1.0,0.009999999999999998,0.22740670462888288
Clean_Nominal,12,0.0,1.0,0.01,0.2932465717516754
Clean_Nominal,13,0.0,1.0,0.009999999999999998,0.20333204932968377
Clean_Nominal,14,0.0,1.0,0.01,0.3043664003468134
Clean_Nominal,15,0.0,1.0,0.009999999999999998,0.22987142486767026
Clean_Nominal,16,0.0,1.0,0.01,0.25282175694995895
Clean_Nominal,17,0.0,1.0,0.01,0.25391795224416147
Clean_Nominal,18,0.0,1.0,0.01,0.2922665881249701
Clean_Nominal,19,0.0,1.0,0.009999999999999998,0.2313625700289248
Clean_Nominal,20,0.0,1.0,0.01,0.26606565142246713
Clean_Nominal,21,0.0,1.0,0.01,0.23333185765746295
Clean_Nominal,22,0.0,1.0,0.01,0.22068676801468456
Clean_Nominal,23,0.0,1.0,0.01,0.2084871815653888
Clean_Nominal,24,0.0,1.0,0.01,0.30649199176737124
Clean_Nominal,25,0.0,1.0,0.009999999999999998,0.2632793373276385
Clean_Nominal,26,0.0,1.0,0.01,0.25547803400991026
Clean_Nominal,27,0.0,1.0,0.009999999999999998,0.207356915718938
Clean_Nominal,28,0.0,1.0,0.01,0.2379343394840005
Clean_Nominal,29,0.0,1.0,0.009999999999999998,0.25572642027680503
Clean_Nominal,30,0.0,1.0,0.01,0.20691320113385897
Clean_Nominal,31,0.0,1.0,0.009999999999999998,0.2450844334125275
Clean_Nominal,32,0.0,1.0,0.01,0.2531732479335994
Clean_Nominal,33,0.0,1.0,0.009999999999999998,0.1926842224407521
Clean_Nominal,34,0.0,1.0,0.01,0.29188463346842825
Clean_Nominal,35,0.0,1.0,0.009999999999999998,0.21935273221108842
Clean_Nominal,36,0.0,1.0,0.01,0.3423196184295134
Clean_Nominal,37,0.0,1.0,0.01,0.30245808316528316
Clean_Nominal,38,0.0,1.0,0.01,0.296253630735189
Clean_Nominal,39,0.0,1.0,0.009999999999999998,0.25788992582478537
Clean_Nominal,40,0.0,1.0,0.01,0.19296888717328073
Clean_Nominal,41,0.0,1.0,0.01,0.3191161412335569
Clean_Nominal,42,0.0,1.0,0.01,0.2705108007737559
Clean_Nominal,43,0.0,1.0,0.01,0.29619615237419733
Clean_Nominal,44,0.0,1.0,0.01,0.23580187140641784
Clean_Nominal,45,0.0,1.0,0.009999999999999998,0.2650400157610806
Clean_Nominal,46,0.0,1.0,0.01,0.24515255982829276
Clean_Nominal,47,0.0,1.0,0.009999999999999998,0.2603082938284477
Clean_Nominal,48,0.0,1.0,0.01,0.09940615359291269
Clean_Nominal,49,0.0,1.0,0.01,0.24697681827176313
Clean_Nominal,50,0.0,1.0,0.01,0.19911929492221184
Clean_Nominal,51,0.0,1.0,0.01,0.23886983131771897
Clean_Nominal,52,0.0,1.0,0.01,0.27040636917908084
Clean_Nominal,53,0.0,1.0,0.01,0.28929922080666576
Clean_Nominal,54,0.0,1.0,0.01,0.10169291420928309
Clean_Nominal,55,0.0,1.0,0.01,0.3421988657450843
Clean_Nominal,56,0.0,1.0,0.01,0.10168328041199803
Clean_Nominal,57,0.0,1.0,0.01,0.2774531495321166
Clean_Nominal,58,0.0,1.0,0.01,0.06884812873172955
Clean_Nominal,59,0.0,1.0,0.01,0.2973419902075673
Clean_Nominal,60,0.0,1.0,0.01,0.09591950379667247
Clean_Nominal,61,0.0,1.0,0.01,0.268892633189212
Clean_Nominal,63,0.0,1.0,0.01,0.2415609777609741
Clean_Nominal,64,0.0,1.0,0.01,0.07980019174560649
Clean_Nominal,65,0.0,1.0,0.01,0.21231346988500396
Clean_Nominal,66,0.0,1.0,0.01,0.07427736892564152
Clean_Nominal,67,0.0,1.0,0.01,0.31269109177523985
Clean_Nominal,68,0.0,1.0,0.01,0.07972166112167534
Clean_Nominal,69,0.0,1.0,0.01,0.30800350949349686
Camera_Degraded,0,0.0,1.0,0.01,0.21595077032738247
Camera_Degraded,1,0.0,1.0,0.01,0.21071720751657289
Camera_Degraded,2,0.0,1.0,0.01,0.28421395998979165
Camera_Degraded,3,0.0,1.0,0.01,0.17910877394272387
Camera_Degraded,4,0.0,1.0,0.01,0.27348515933102746
Camera_Degraded,5,0.0,1.0,0.009999999999999998,0.2252044971201248
Camera_Degraded,6,0.0,1.0,0.01,0.2789637282726907
Camera_Degraded,7,0.0,1.0,0.009999999999999998,0.28602510585602664
Camera_Degraded,8,0.0,1.0,0.01,0.23462736962674077
Camera_Degraded,9,0.0,1.0,0.009999999999999998,0.21952040545235876
Camera_Degraded,10,0.0,1.0,0.01,0.28070725479092334
Camera_Degraded,11,0.0,1.0,0.009999999999999998,0.22740670462888288
Camera_Degraded,12,0.0,1.0,0.01,0.2555404532710997
Camera_Degraded,13,0.0,1.0,0.009999999999999998,0.20510688185001952
Camera_Degraded,14,0.0,1.0,0.01,0.3068376727625607
Camera_Degraded,15,0.0,1.0,0.009999999999999998,0.2284912740430788
Camera_Degraded,16,0.0,1.0,0.01,0.24984337108506852
Camera_Degraded,17,0.0,1.0,0.01,0.2539286537762524
Camera_Degraded,18,0.0,1.0,0.01,0.2922665881249701
Camera_Degraded,19,0.0,1.0,0.009999999999999998,0.23133925885905052
Camera_Degraded,20,0.0,1.0,0.01,0.26006724042760093
Camera_Degraded,21,0.0,1.0,0.009999999999999998,0.2593900613342389
Camera_Degraded,22,0.0,1.0,0.01,0.2266849941676083
Camera_Degraded,23,0.0,1.0,0.01,0.20870347903082248
Camera_Degraded,24,0.0,1.0,0.01,0.30710188387109266
Camera_Degraded,25,0.0,1.0,0.009999999999999998,0.2632793373276385
Camera_Degraded,26,0.0,1.0,0.01,0.25547803400991026
Camera_Degraded,27,0.0,1.0,0.009999999999999998,0.207356915718938
Camera_Degraded,28,0.0,1.0,0.01,0.23802909965543154
Camera_Degraded,29,0.0,1.0,0.009999999999999998,0.2557422265238747
Camera_Degraded,30,0.0,1.0,0.01,0.23213511140470422
Camera_Degraded,31,0.0,1.0,0.009999999999999998,0.23527600210661942
Camera_Degraded,32,0.0,1.0,0.01,0.24771655991699926
Camera_Degraded,33,0.0,1.0,0.009999999999999998,0.20244611619536265
Camera_Degraded,34,0.0,1.0,0.01,0.2904924603886192
Camera_Degraded,35,0.0,1.0,0.009999999999999998,0.21926755491141803
Camera_Degraded,36,0.0,1.0,0.01,0.3423196184295134
Camera_Degraded,37,0.0,1.0,0.01,0.3024956435259547
Camera_Degraded,38,0.0,1.0,0.01,0.296253630735189
Camera_Degraded,39,0.0,1.0,0.009999999999999998,0.257779100675532
Camera_Degraded,40,0.0,1.0,0.01,0.18441250788574037
Camera_Degraded,41,0.0,1.0,0.01,0.3191699910423941
Camera_Degraded,42,0.0,1.0,0.01,0.2705108007737559
Camera_Degraded,43,0.0,1.0,0.01,0.29629761306246294
Camera_Degraded,44,0.0,1.0,0.01,0.23580187140641784
Camera_Degraded,45,0.0,1.0,0.009999999999999998,0.2650400157610806
Camera_Degraded,46,0.0,1.0,0.01,0.24515255982829276
Camera_Degraded,47,0.0,1.0,0.009999999999999998,0.26159757181646065
Camera_Degraded,48,0.0,1.0,0.01,0.09940615359291269
Camera_Degraded,49,0.0,1.0,0.01,0.2469831819491096
Camera_Degraded,50,0.0,1.0,0.01,0.19911929492221184
Camera_Degraded,51,0.0,1.0,0.01,0.2396004938174528
Camera_Degraded,52,0.0,1.0,0.01,0.27040636917908084
Camera_Degraded,53,0.0,1.0,0.01,0.2891509629555407
Camera_Degraded,54,0.0,1.0,0.01,0.10169291420928309
Camera_Degraded,55,0.0,1.0,0.01,0.26678322290389617
Camera_Degraded,56,0.0,1.0,0.01,0.10168328041199803
Camera_Degraded,57,0.0,1.0,0.01,0.27761237026820523
Camera_Degraded,58,0.0,1.0,0.01,0.06884812873172955
Camera_Degraded,59,0.0,1.0,0.01,0.2512342583377386
Camera_Degraded,60,0.0,1.0,0.01,0.09591950379667247
Camera_Degraded,61,0.0,1.0,0.01,0.2686958145268715
Camera_Degraded,63,0.0,1.0,0.01,0.2415609777609741
Camera_Degraded,64,0.0,1.0,0.01,0.07980019174560649
Camera_Degraded,65,0.0,1.0,0.01,0.2117563404799526
Camera_Degraded,66,0.0,1.0,0.01,0.07427736892564152
Camera_Degraded,67,0.0,1.0,0.01,0.3124911616532215
Camera_Degraded,68,0.0,1.0,0.01,0.07972166112167534
Camera_Degraded,69,0.0,1.0,0.01,0.3081072690018337
LiDAR_Degraded,1,0.0,1.0,0.01,0.05655983185112176
LiDAR_Degraded,2,0.0,1.0,0.01,0.08691135369918818
LiDAR_Degraded,8,0.0,1.0,0.01,0.07112029263740573
LiDAR_Degraded,10,0.0,1.0,0.01,0.05871367764652188
LiDAR_Degraded,12,0.0,1.0,0.01,0.0573803069608386
LiDAR_Degraded,14,0.0,1.0,0.01,0.08274534690414428
LiDAR_Degraded,20,0.0,1.0,0.01,0.07206593290456481
LiDAR_Degraded,43,0.0,1.0,0.01,0.06780088102414117
LiDAR_Degraded,44,0.0,1.0,0.01,0.05939720060051393
LiDAR_Degraded,45,0.0,1.0,0.01,0.060416041434852456
LiDAR_Degraded,53,0.0,1.0,0.01,0.05157789432341695
Both_Degraded,5,0.0,1.0,0.01,0.07290873744874785
Both_Degraded,9,0.0,1.0,0.01,0.06509247304713983
Both_Degraded,11,0.0,1.0,0.01,0.07165011246846015
Both_Degraded,13,0.0,1.0,0.01,0.08067903328769113
Both_Degraded,15,0.0,1.0,0.01,0.07963446250290421
Both_Degraded,17,0.0,1.0,0.01,0.05938509997046604
Both_Degraded,19,0.0,1.0,0.01,0.10351064565240223
Both_Degraded,21,0.0,1.0,0.01,0.06394206114197881
Both_Degraded,23,0.0,1.0,0.01,0.0718787921065137
Both_Degraded,25,0.0,1.0,0.01,0.09247281753718217
Both_Degraded,29,0.0,1.0,0.01,0.1378138015399324
Both_Degraded,31,0.0,1.0,0.01,0.08144900623034315
Both_Degraded,37,0.0,1.0,0.01,0.10493167195257544
Both_Degraded,45,0.0,1.0,0.01,0.05203388801865526
Both_Degraded,59,0.0,1.0,0.01,0.05837033904506962
Both_Degraded,61,0.0,1.0,0.01,0.07083913544476955
Camera_Outage,0,0.0,1.0,0.01,0.2118799205458893
Camera_Outage,1,0.0,1.0,0.01,0.21071720751657289
Camera_Outage,2,0.0,1.0,0.01,0.28421395998979165
Camera_Outage,3,0.0,1.0,0.01,0.179470278858303
Camera_Outage,4,0.0,1.0,0.01,0.27348515933102746
Camera_Outage,5,0.0,1.0,0.009999999999999998,0.22971722128507954
Camera_Outage,6,0.0,1.0,0.01,0.2789637282726907
Camera_Outage,7,0.0,1.0,0.009999999999999998,0.28791519096504964
Camera_Outage,8,0.0,1.0,0.01,0.22301052244695402
Camera_Outage,9,0.0,1.0,0.009999999999999998,0.21953872805978908
Camera_Outage,10,0.0,1.0,0.01,0.2926524650563712
Camera_Outage,11,0.0,1.0,0.009999999999999998,0.22734698872378395
Camera_Outage,12,0.0,1.0,0.01,0.2555404532710997
Camera_Outage,13,0.0,1.0,0.009999999999999998,0.20490486983958758
Camera_Outage,14,0.0,1.0,0.01,0.3043664003468134
Camera_Outage,15,0.0,1.0,0.01,0.21098649756044854
Camera_Outage,16,0.0,1.0,0.01,0.24984337108506852
Camera_Outage,17,0.0,1.0,0.009999999999999998,0.2643782500019506
Camera_Outage,18,0.0,1.0,0.01,0.29215344058831755
Camera_Outage,19,0.0,1.0,0.009999999999999998,0.23096665050657442
Camera_Outage,20,0.0,1.0,0.01,0.265983166252344
Camera_Outage,21,0.0,1.0,0.01,0.23333185765746295
Camera_Outage,22,0.0,1.0,0.01,0.22068676801468456
Camera_Outage,23,0.0,1.0,0.01,0.2084871815653888
Camera_Outage,24,0.0,1.0,0.01,0.30156466550720123
Camera_Outage,25,0.0,1.0,0.009999999999999998,0.24908444034195074
Camera_Outage,26,0.0,1.0,0.01,0.24428931667630907
Camera_Outage,27,0.0,1.0,0.009999999999999998,0.207356915718938
Camera_Outage,28,0.0,1.0,0.01,0.2624267011472754
Camera_Outage,29,0.0,1.0,0.009999999999999998,0.2666884702443816
Camera_Outage,30,0.0,1.0,0.01,0.2332295646592985
Camera_Outage,31,0.0,1.0,0.009999999999999998,0.24500735801827345
Camera_Outage,32,0.0,1.0,0.01,0.25391492115546727
Camera_Outage,33,0.0,1.0,0.009999999999999998,0.2024954095194468
Camera_Outage,34,0.0,1.0,0.01,0.29188463346842825
Camera_Outage,35,0.0,1.0,0.009999999999999998,0.2193252070800149
Camera_Outage,36,0.0,1.0,0.01,0.3423196184295134
Camera_Outage,37,0.0,1.0,0.01,0.30264166112289104
Camera_Outage,38,0.0,1.0,0.01,0.296253630735189
Camera_Outage,39,0.0,1.0,0.009999999999999998,0.2598250760685952
Camera_Outage,40,0.0,1.0,0.01,0.19296888717328073
Camera_Outage,41,0.0,1.0,0.01,0.3191161412335569
Camera_Outage,42,0.0,1.0,0.01,0.2705108007737559
Camera_Outage,43,0.0,1.0,0.01,0.29619615237419733
Camera_Outage,44,0.0,1.0,0.01,0.23084994105834147
Camera_Outage,45,0.0,1.0,0.009999999999999998,0.2654167911286255
Camera_Outage,46,0.0,1.0,0.01,0.24515255982829276
Camera_Outage,47,0.0,1.0,0.009999999999999998,0.25701522140188465
Camera_Outage,48,0.0,1.0,0.01,0.09434192803120778
Camera_Outage,49,0.0,1.0,0.01,0.24119704083134388
Camera_Outage,50,0.0,1.0,0.01,0.19911929492221184
Camera_Outage,51,0.0,1.0,0.01,0.2396004938174528
Camera_Outage,52,0.0,1.0,0.01,0.2643565874177555
Camera_Outage,53,0.0,1.0,0.01,0.28929922080666576
Camera_Outage,54,0.0,1.0,0.01,0.10169291420928309
Camera_Outage,55,0.0,1.0,0.01,0.26678322290389617
Camera_Outage,56,0.0,1.0,0.01,0.10168328041199803
Camera_Outage,57,0.0,1.0,0.01,0.2774531495321166
Camera_Outage,58,0.0,1.0,0.01,0.06884812873172955
Camera_Outage,59,0.0,1.0,0.01,0.2966193828125771
Camera_Outage,60,0.0,1.0,0.01,0.09591950379667247
Camera_Outage,61,0.0,1.0,0.01,0.2686958145268715
Camera_Outage,63,0.0,1.0,0.01,0.2415609777609741
Camera_Outage,64,0.0,1.0,0.01,0.07980019174560649
Camera_Outage,65,0.0,1.0,0.01,0.21194533695208673
Camera_Outage,66,0.0,1.0,0.01,0.07427736892564152
Camera_Outage,67,0.0,1.0,0.01,0.3124911616532215
Camera_Outage,68,0.0,1.0,0.01,0.07972166112167534
Camera_Outage,69,0.0,1.0,0.01,0.3077488049547278
