frame_id,timestamp,segment_id,r_cam,r_lidar,cam_health,lidar_health,w_cam,w_lidar
0,3635.612287860364,nominal_baseline,0.01,0.2224,FAILED,SEVERELY_DEGRADED,0.0,1.0
1,3635.662287861109,nominal_baseline,0.01,0.2107,FAILED,SEVERELY_DEGRADED,0.0,1.0
2,3635.712287861854,nominal_baseline,0.01,0.2842,FAILED,SEVERELY_DEGRADED,0.0,1.0
3,3635.762287862599,nominal_baseline,0.01,0.1738,FAILED,SEVERELY_DEGRADED,0.0,1.0
4,3635.812287863344,nominal_baseline,0.01,0.2791,FAILED,SEVERELY_DEGRADED,0.0,1.0
5,3635.862287864089,nominal_baseline,0.01,0.2304,FAILED,SEVERELY_DEGRADED,0.0,1.0
6,3635.912287864834,nominal_baseline,0.01,0.279,FAILED,SEVERELY_DEGRADED,0.0,1.0
7,3635.962287865579,nominal_baseline,0.01,0.2561,FAILED,SEVERELY_DEGRADED,0.0,1.0
8,3636.012287866324,nominal_baseline,0.01,0.2346,FAILED,SEVERELY_DEGRADED,0.0,1.0
9,3636.062287867069,nominal_baseline,0.01,0.2195,FAILED,SEVERELY_DEGRADED,0.0,1.0
10,3636.1122878678143,nominal_baseline,0.01,0.2927,FAILED,SEVERELY_DEGRADED,0.0,1.0
11,3636.16228786856,nominal_baseline,0.01,0.2275,FAILED,SEVERELY_DEGRADED,0.0,1.0
12,3636.212287869304,nominal_baseline,0.01,0.2529,FAILED,SEVERELY_DEGRADED,0.0,1.0
13,3636.2622878700495,nominal_baseline,0.01,0.2048,FAILED,SEVERELY_DEGRADED,0.0,1.0
14,3636.3122878707945,nominal_baseline,0.01,0.3119,FAILED,SEVERELY_DEGRADED,0.0,1.0
15,3636.36228787154,camera_blur_ramp,0.01,0.2111,FAILED,SEVERELY_DEGRADED,0.0,1.0
16,3636.4122878722847,camera_blur_ramp,0.01,0.2528,FAILED,SEVERELY_DEGRADED,0.0,1.0
17,3636.4622878730297,camera_blur_ramp,0.01,0.2523,FAILED,SEVERELY_DEGRADED,0.0,1.0
18,3636.512287873775,camera_blur_ramp,0.01,0.2923,FAILED,SEVERELY_DEGRADED,0.0,1.0
19,3636.56228787452,camera_blur_ramp,0.01,0.2313,FAILED,SEVERELY_DEGRADED,0.0,1.0
20,3636.612287875265,camera_blur_ramp,0.01,0.266,FAILED,SEVERELY_DEGRADED,0.0,1.0
21,3636.66228787601,camera_blur_ramp,0.01,0.2335,FAILED,SEVERELY_DEGRADED,0.0,1.0
22,3636.712287876755,camera_blur_ramp,0.01,0.223,FAILED,SEVERELY_DEGRADED,0.0,1.0
23,3636.7622878775,camera_blur_ramp,0.01,0.2087,FAILED,SEVERELY_DEGRADED,0.0,1.0
24,3636.812287878245,camera_blur_ramp,0.01,0.3016,FAILED,SEVERELY_DEGRADED,0.0,1.0
25,3636.86228787899,camera_recovery,0.01,0.2633,FAILED,SEVERELY_DEGRADED,0.0,1.0
26,3636.9122878797352,camera_recovery,0.01,0.2555,FAILED,SEVERELY_DEGRADED,0.0,1.0
27,3636.96228788048,camera_recovery,0.01,0.2074,FAILED,SEVERELY_DEGRADED,0.0,1.0
28,3637.012287881225,camera_recovery,0.01,0.238,FAILED,SEVERELY_DEGRADED,0.0,1.0
29,3637.0622878819695,camera_recovery,0.01,0.2557,FAILED,SEVERELY_DEGRADED,0.0,1.0
30,3637.112287882716,camera_recovery,0.01,0.2328,FAILED,SEVERELY_DEGRADED,0.0,1.0
31,3637.162287883461,camera_recovery,0.01,0.2459,FAILED,SEVERELY_DEGRADED,0.0,1.0
32,3637.2122878842056,camera_recovery,0.01,0.2477,FAILED,SEVERELY_DEGRADED,0.0,1.0
33,3637.262287884951,camera_recovery,0.01,0.2023,FAILED,SEVERELY_DEGRADED,0.0,1.0
34,3637.312287885696,camera_recovery,0.01,0.2833,FAILED,SEVERELY_DEGRADED,0.0,1.0
35,3637.3622878864408,lidar_dropout_ramp,0.01,0.2081,FAILED,SEVERELY_DEGRADED,0.0,1.0
36,3637.412287887186,lidar_dropout_ramp,0.01,0.2268,FAILED,SEVERELY_DEGRADED,0.0,1.0
37,3637.462287887931,lidar_dropout_ramp,0.01,0.2079,FAILED,SEVERELY_DEGRADED,0.0,1.0
38,3637.512287888676,lidar_dropout_ramp,0.01,0.1941,FAILED,SEVERELY_DEGRADED,0.0,1.0
39,3637.562287889421,lidar_dropout_ramp,0.01,0.2486,FAILED,SEVERELY_DEGRADED,0.0,1.0
40,3637.612287890166,lidar_dropout_ramp,0.01,0.1479,FAILED,FAILED,0.0,1.0
41,3637.662287890911,lidar_dropout_ramp,0.01,0.1496,FAILED,FAILED,0.0,1.0
42,3637.712287891656,lidar_dropout_ramp,0.01,0.1268,FAILED,FAILED,0.0,1.0
43,3637.762287892401,lidar_dropout_ramp,0.01,0.0951,FAILED,FAILED,0.0,1.0
44,3637.812287893146,lidar_dropout_ramp,0.01,0.01,FAILED,FAILED,0.5,0.5
45,3637.8622878938913,lidar_recovery,0.01,0.0613,FAILED,FAILED,0.0,1.0
46,3637.912287894637,lidar_recovery,0.01,0.1153,FAILED,FAILED,0.0,1.0
47,3637.9622878953815,lidar_recovery,0.01,0.125,FAILED,FAILED,0.0,1.0
48,3638.0122878961274,lidar_recovery,0.01,0.144,FAILED,FAILED,0.0,1.0
49,3638.062287896872,lidar_recovery,0.01,0.2294,FAILED,SEVERELY_DEGRADED,0.0,1.0
50,3638.1122878976166,lidar_recovery,0.01,0.2323,FAILED,SEVERELY_DEGRADED,0.0,1.0
51,3638.1622878983617,lidar_recovery,0.01,0.1983,FAILED,SEVERELY_DEGRADED,0.0,1.0
52,3638.2122878991063,lidar_recovery,0.01,0.3841,FAILED,SEVERELY_DEGRADED,0.0,1.0
53,3638.262287899852,lidar_recovery,0.01,0.2783,FAILED,SEVERELY_DEGRADED,0.0,1.0
54,3638.312287900597,lidar_recovery,0.01,0.1017,FAILED,FAILED,0.0,1.0
55,3638.362287901342,camera_darkness_tunnel,0.01,0.3429,FAILED,SEVERELY_DEGRADED,0.0,1.0
56,3638.412287902087,camera_darkness_tunnel,0.01,0.1017,FAILED,FAILED,0.0,1.0
57,3638.462287902832,camera_darkness_tunnel,0.01,0.2775,FAILED,SEVERELY_DEGRADED,0.0,1.0
58,3638.512287903577,camera_darkness_tunnel,0.01,0.0688,FAILED,FAILED,0.0,1.0
59,3638.562287904322,camera_darkness_tunnel,0.01,0.2966,FAILED,SEVERELY_DEGRADED,0.0,1.0
60,3638.612287905067,high_motion_maneuver,0.01,0.3229,FAILED,SEVERELY_DEGRADED,0.0,1.0
61,3638.662287905812,high_motion_maneuver,0.01,0.2572,FAILED,SEVERELY_DEGRADED,0.0,1.0
62,3638.712287906557,high_motion_maneuver,0.01,0.2674,FAILED,SEVERELY_DEGRADED,0.0,1.0
63,3638.7622879073024,high_motion_maneuver,0.01,0.1415,FAILED,FAILED,0.0,1.0
64,3638.812287908048,high_motion_maneuver,0.01,0.2208,FAILED,SEVERELY_DEGRADED,0.0,1.0
65,3638.862287908793,dual_degradation_recovery,0.01,0.1011,FAILED,FAILED,0.0,1.0
66,3638.9122879095376,dual_degradation_recovery,0.01,0.2186,FAILED,SEVERELY_DEGRADED,0.0,1.0
67,3638.9622879102826,dual_degradation_recovery,0.01,0.2686,FAILED,SEVERELY_DEGRADED,0.0,1.0
68,3639.012287911028,dual_degradation_recovery,0.01,0.4877,FAILED,DEGRADED,0.0,1.0
69,3639.0622879117727,dual_degradation_recovery,0.01,0.3077,FAILED,SEVERELY_DEGRADED,0.0,1.0
