frame_idx,latency_ms,single_frame_count,temporal_no_imu_count,temporal_with_imu_count,persistence_no_imu,persistence_with_imu,pos_no_x,pos_no_y,pos_with_x,pos_with_y
0,4133.65,5,5,5,1.0,1.0,2.2351833333333326,-4.170188095238094,2.2351833333333326,-4.170188095238094
1,112.85,8,8,8,1.0,1.0,-1.0486,8.571214285714285,-1.0486,8.571214285714285
2,107.98,5,5,5,0.733,0.733,2.2313819758672695,-4.162615050635638,2.2249828551213895,-4.162615026603691
3,120.84,15,19,19,0.772,0.772,2.2313819758672695,-4.162615050635638,2.216944525767651,-4.162614973894272
4,111.29,5,12,12,0.525,0.525,2.2192811368953818,-4.160233321168795,2.2095187119316915,-4.160233274613052
5,122.94,13,19,19,0.614,0.614,2.2192811368953818,-4.160233321168795,2.205003150105599,-4.160233235733185
6,110.78,5,19,19,0.509,0.509,2.2306011763341216,-4.161601983630243,2.221493463459826,-4.161601910337205
7,136.24,12,22,22,0.48,0.48,2.2306011763341216,-4.161601983630243,2.2191865943217723,-4.161601849838358
8,124.51,4,21,21,0.434,0.434,2.226362632263743,-4.1571321147256,2.219435403147418,-4.157132057274248
9,136.68,13,21,21,0.457,0.457,2.226362632263743,-4.1571321147256,2.218320615965293,-4.157132022005298
10,128.72,6,22,22,0.456,0.456,2.2259034311333883,-4.151034196604459,2.2211900268633933,-4.151034145306209
11,140.33,13,19,19,0.465,0.465,2.2259034311333883,-4.151034196604459,2.220670756335582,-4.15103410961122
12,145.93,6,24,24,0.545,0.545,2.2279542814107978,-4.154654337262289,2.213669777445418,-4.154651738034205
13,141.91,10,20,20,0.459,0.459,2.2279542814107978,-4.154654337262289,2.1553577212959243,-4.154647951421858
14,136.16,5,19,19,0.444,0.444,2.157095320607939,-4.16395261571428,2.075730000201174,-4.163210418174335
15,186.03,9,17,17,0.521,0.521,2.157095320607939,-4.16395261571428,1.9611464427222927,-4.170793006085766
16,143.62,6,16,16,0.453,0.453,2.028469722146114,-4.191785118663111,1.8449406080395347,-4.204204768094464
17,157.97,8,16,16,0.447,0.447,2.028469722146114,-4.191785118663111,1.6817087543194233,-4.222365224898272
18,153.73,5,16,17,0.447,0.471,1.8127806122864827,-4.228697778452221,1.531959714763592,-4.2547662436438936
19,159.66,13,21,20,0.519,0.492,1.8127806122864827,-4.228697778452221,1.3468718787054972,-4.271247914488142
20,155.51,6,19,19,0.493,0.44,1.5285350756361948,-4.259304180024264,1.173447970107615,-4.290299731360496
21,147.09,10,19,22,0.48,0.471,1.5285350756361948,-4.259304180024264,0.9703103012506453,-4.303397522360465
22,158.88,9,23,24,0.52,0.499,1.1880993203756631,-4.309614457041261,0.7742988412711903,-4.339177800493018
23,183.18,8,18,19,0.451,0.439,1.1880993203756631,-4.309614457041261,0.5542398917075269,-4.347454396600318
24,170.06,6,18,19,0.452,0.445,0.7966692768040164,-4.377499460728295,0.3335306870551959,-4.400687982809984
25,166.27,10,18,18,0.48,0.479,0.7966692768040164,-4.377499460728295,0.0970593456031437,-4.402664688847856
26,160.58,7,19,18,0.531,0.471,0.3712380012653251,-4.41071364987135,-0.13571105714516424,-4.423287898296377
27,162.69,11,18,19,0.504,0.498,0.3712380012653251,-4.41071364987135,-0.38749466818261136,-4.417649377773896
28,163.46,8,20,18,0.501,0.486,-0.08625645902224033,-4.463964425665227,-0.6328597873263242,-4.462258539973311
29,160.63,11,21,19,0.518,0.526,-0.08625645902224033,-4.463964425665227,-0.8998231304165233,-4.447664881210926
30,140.84,4,18,17,0.467,0.458,-0.5713993197787819,-4.484107229756508,-1.1552754392553535,-4.464720979119163
31,141.06,11,24,22,0.585,0.579,-0.5713993197787819,-4.484107229756508,-1.436259199213108,-4.439867542740511
32,132.73,4,15,16,0.454,0.438,-1.0816878103606509,-4.518747882941543,-1.700234037510271,-4.47848780971079
33,143.74,13,18,20,0.529,0.538,-1.0816878103606509,-4.518747882941543,-1.9948206666772208,-4.442115057148672
34,140.76,3,15,15,0.45,0.433,-1.619383925799823,-4.50523552808705,-2.2707541186220896,-4.4410628040854805
35,130.62,11,18,18,0.541,0.544,-1.619383925799823,-4.50523552808705,-2.5248813604819165,-4.420932150197247
36,126.69,2,14,14,0.434,0.436,-2.1473512407507824,-4.496230562848454,-2.743387637681874,-4.456151771027239
37,127.64,8,15,15,0.446,0.456,-2.1473512407507824,-4.496230562848454,-2.935067007286377,-4.477891355738906
38,137.27,3,15,15,0.425,0.426,-2.61500771234753,-4.503439123609388,-3.1404466625667236,-4.507347846600222
39,154.84,10,15,15,0.426,0.488,-2.61500771234753,-4.503439123609388,-3.333225111148182,-4.535456844472356
40,185.05,3,16,15,0.447,0.466,-3.018396565888092,-4.547128467007281,-3.5083012389841732,-4.580431765468421
41,131.98,8,13,13,0.436,0.469,-3.018396565888092,-4.547128467007281,-3.704540171854232,-4.612263673894053
42,117.3,1,12,12,0.427,0.438,-3.4351732977962377,-4.568721664743855,-3.9096245940699053,-4.621814697499357
43,118.18,7,12,12,0.482,0.487,-3.4351732977962377,-4.568721664743855,-4.109376131714466,-4.657660087658657
44,119.57,1,10,10,0.427,0.43,-3.8190232758953613,-4.615815954311012,-4.288882601348764,-4.683884341349991
45,113.59,10,13,11,0.54,0.577,-3.8190232758953613,-4.615815954311012,-4.491786785776575,-4.723668470192451
46,116.57,1,11,9,0.432,0.452,-4.221571719519608,-4.685914923579103,-4.692296396310768,-4.766286525427152
47,120.52,10,14,15,0.547,0.621,-4.221571719519608,-4.685914923579103,-4.8980344964724,-4.810314764549124
48,105.66,1,12,11,0.431,0.438,-4.591021611139616,-4.733324685321443,-5.065196499016948,-4.824893510790938
49,107.0,6,10,11,0.449,0.432,-4.591021611139616,-4.733324685321443,-5.273876363076156,-4.872970123276127
50,110.41,1,10,11,0.421,0.408,-5.05463398096151,-4.782074463341306,-5.548531760553121,-4.865234816275302
51,117.32,8,10,13,0.505,0.417,-5.05463398096151,-4.782074463341306,-5.756375884366314,-4.8560740492977335
52,115.92,1,9,13,0.421,0.389,-5.468240619566057,-4.8059170485481495,-5.933325036884084,-4.832769663267091
53,122.49,6,10,12,0.442,0.389,-5.468240619566057,-4.8059170485481495,-6.047103927754804,-4.804995885088048
54,118.55,1,10,12,0.407,0.37,-5.760162855587905,-4.798488822124878,-6.089477809676137,-4.794063638717679
55,120.2,7,11,13,0.471,0.438,-5.760162855587905,-4.798488822124878,-6.089538043615042,-4.794055672760029
56,118.27,1,10,12,0.395,0.374,-5.910986547811242,-4.809107038434216,-6.088189367675697,-4.806705191338001
57,126.02,6,9,11,0.415,0.378,-5.910986547811242,-4.809107038434216,-6.08921554930632,-4.806657359970219
58,123.44,1,9,11,0.395,0.364,-6.002412586335434,-4.805640423290396,-6.098534490756988,-4.804304805985911
59,124.03,6,9,11,0.489,0.442,-6.002412586335434,-4.805640423290396,-6.099271639336464,-4.804272523842395
60,133.25,1,8,10,0.409,0.374,-6.047972982379318,-4.777369563843149,-6.100256240068879,-4.77662218867955
61,134.46,7,8,8,0.473,0.403,-6.047972982379318,-4.777369563843149,-6.1006958413486245,-4.7766025527722045
62,134.31,0,8,8,0.437,0.39,-6.047972982379318,-4.777369563843149,-6.101023069208272,-4.776587643630365
63,143.39,7,10,10,0.549,0.52,-6.047972982379318,-4.777369563843149,-6.101023069208272,-4.776587643630365
64,136.51,1,8,8,0.417,0.389,-6.07491428738036,-4.798022176844997,-6.098353293184531,-4.797676702718538
65,140.56,6,7,7,0.447,0.42,-6.07491428738036,-4.798022176844997,-6.098353293184531,-4.797676702718538
66,136.09,1,7,7,0.435,0.411,-6.101113083049102,-4.779857565525769,-6.11308292227073,-4.779681138684823
67,132.76,6,9,9,0.495,0.481,-6.101113083049102,-4.779857565525769,-6.11308292227073,-4.779681138684823
68,140.93,1,8,8,0.414,0.401,-6.108129902210567,-4.7746573776046795,-6.114465431032088,-4.774563996456027
69,125.3,6,8,8,0.437,0.419,-6.108129902210567,-4.7746573776046795,-6.114465431032088,-4.774563996456027
