frame_id,timestamp,r_cam,r_lidar,w_cam,w_lidar,cam_health,lidar_health,blur_kernel,illumination_factor,lidar_dropout_ratio
0,2207.5914616547525,0.01,0.2386,0.0,1.0,FAILED,SEVERELY_DEGRADED,0,1.0,0.0
1,2207.6414616554976,0.1075,0.2953,0.0889,0.9111,FAILED,SEVERELY_DEGRADED,0,1.0,0.0
2,2207.6914616562426,0.0604,0.2831,0.0365,0.9635,FAILED,SEVERELY_DEGRADED,0,1.0,0.0
3,2207.741461656988,0.0458,0.2254,0.0631,0.9369,FAILED,SEVERELY_DEGRADED,0,1.0,0.0
4,2207.7914616577327,0.01,0.3133,0.0,1.0,FAILED,SEVERELY_DEGRADED,0,1.0,0.0
5,2207.841461658478,0.0448,0.2642,0.0275,0.9725,FAILED,SEVERELY_DEGRADED,0,1.0,0.0
6,2207.891461659223,0.01,0.2797,0.0,1.0,FAILED,SEVERELY_DEGRADED,0,1.0,0.0
7,2207.941461659968,0.01,0.3338,0.0,1.0,FAILED,SEVERELY_DEGRADED,0,1.0,0.0
8,2207.991461660713,0.01,0.2346,0.0,1.0,FAILED,SEVERELY_DEGRADED,0,1.0,0.0
9,2208.041461661458,0.0386,0.284,0.0143,0.9857,FAILED,SEVERELY_DEGRADED,0,1.0,0.0
10,2208.091461662203,0.01,0.3277,0.0,1.0,FAILED,SEVERELY_DEGRADED,0,1.0,0.0
11,2208.141461662948,0.0323,0.2469,0.0065,0.9935,FAILED,SEVERELY_DEGRADED,0,1.0,0.0
12,2208.191461663693,0.01,0.2728,0.0,1.0,FAILED,SEVERELY_DEGRADED,0,1.0,0.0
13,2208.2414616644382,0.0422,0.236,0.0075,0.9925,FAILED,SEVERELY_DEGRADED,0,1.0,0.0
14,2208.2914616651838,0.01,0.356,0.0,1.0,FAILED,SEVERELY_DEGRADED,0,1.0,0.0
15,2208.3414616659284,0.0275,0.2721,0.0076,0.9924,FAILED,SEVERELY_DEGRADED,3,1.0,0.0
16,2208.3914616666734,0.01,0.2088,0.0,1.0,FAILED,SEVERELY_DEGRADED,5,0.9333333333333333,0.0
17,2208.4414616674185,0.0225,0.2795,0.0064,0.9936,FAILED,SEVERELY_DEGRADED,7,0.8666666666666667,0.0
18,2208.4914616681635,0.01,0.3149,0.0,1.0,FAILED,SEVERELY_DEGRADED,9,0.8,0.0
19,2208.5414616689086,0.0164,0.3001,0.0063,0.9937,FAILED,SEVERELY_DEGRADED,11,0.7333333333333334,0.0
20,2208.5914616696537,0.01,0.2762,0.0,1.0,FAILED,SEVERELY_DEGRADED,13,0.6666666666666667,0.0
21,2208.6414616703987,0.013,0.2629,0.0056,0.9944,FAILED,SEVERELY_DEGRADED,15,0.6000000000000001,0.0
22,2208.691461671144,0.01,0.309,0.0,1.0,FAILED,SEVERELY_DEGRADED,17,0.5333333333333333,0.0
23,2208.741461671889,0.0155,0.274,0.01,0.99,FAILED,SEVERELY_DEGRADED,19,0.4666666666666667,0.0
24,2208.791461672634,0.0142,0.2621,0.0071,0.9929,FAILED,SEVERELY_DEGRADED,21,0.4,0.0
25,2208.841461673379,0.0143,0.2534,0.0063,0.9937,FAILED,SEVERELY_DEGRADED,19,0.45,0.0
26,2208.891461674124,0.0215,0.2546,0.0143,0.9857,FAILED,SEVERELY_DEGRADED,17,0.5111111111111111,0.0
27,2208.941461674869,0.0151,0.2439,0.0056,0.9944,FAILED,SEVERELY_DEGRADED,15,0.5722222222222222,0.0
28,2208.991461675614,0.0213,0.2911,0.0167,0.9833,FAILED,SEVERELY_DEGRADED,13,0.6333333333333333,0.0
29,2209.041461676359,0.0167,0.297,0.0062,0.9937,FAILED,SEVERELY_DEGRADED,11,0.6944444444444444,0.0
30,2209.091461677104,0.0347,0.2855,0.02,0.98,FAILED,SEVERELY_DEGRADED,9,0.7555555555555555,0.0
31,2209.1414616778493,0.01,0.298,0.0,1.0,FAILED,SEVERELY_DEGRADED,7,0.8166666666666667,0.0
32,2209.1914616785944,0.0532,0.3004,0.02,0.98,FAILED,SEVERELY_DEGRADED,5,0.8777777777777778,0.0
33,2209.2414616793394,0.01,0.261,0.0,1.0,FAILED,SEVERELY_DEGRADED,3,0.9388888888888889,0.0
34,2209.2914616800845,0.0451,0.2861,0.0083,0.9917,FAILED,SEVERELY_DEGRADED,1,1.0,0.0
35,2209.341461680829,0.01,0.3399,0.0,1.0,FAILED,SEVERELY_DEGRADED,0,1.0,0.1
36,2209.3914616815746,0.1539,0.3651,0.025,0.975,SEVERELY_DEGRADED,SEVERELY_DEGRADED,0,1.0,0.18333333333333335
37,2209.44146168232,0.01,0.2559,0.0,1.0,FAILED,SEVERELY_DEGRADED,0,1.0,0.26666666666666666
38,2209.4914616830647,0.1017,0.3154,0.0167,0.9833,FAILED,SEVERELY_DEGRADED,0,1.0,0.35
39,2209.5414616838098,0.01,0.3007,0.0,1.0,FAILED,SEVERELY_DEGRADED,0,1.0,0.43333333333333335
40,2209.591461684555,0.0651,0.2372,0.01,0.99,FAILED,SEVERELY_DEGRADED,0,1.0,0.5166666666666667
41,2209.6414616853,0.01,0.1934,0.0,1.0,FAILED,SEVERELY_DEGRADED,0,1.0,0.6
42,2209.691461686045,0.2904,0.1091,0.05,0.95,SEVERELY_DEGRADED,FAILED,0,1.0,0.6833333333333333
43,2209.74146168679,0.01,0.01,0.5,0.5,FAILED,FAILED,0,1.0,0.7666666666666666
44,2209.791461687535,0.01,0.01,0.5,0.5,FAILED,FAILED,0,1.0,0.85
45,2209.84146168828,0.01,0.01,0.5,0.5,FAILED,FAILED,0,1.0,0.8
46,2209.891461689025,0.1317,0.1498,0.025,0.975,FAILED,FAILED,0,1.0,0.7111111111111111
47,2209.94146168977,0.01,0.1987,0.0,1.0,FAILED,SEVERELY_DEGRADED,0,1.0,0.6222222222222222
48,2209.9914616905157,0.1431,0.1662,0.025,0.975,FAILED,SEVERELY_DEGRADED,0,1.0,0.5333333333333334
49,2210.0414616912603,0.01,0.2328,0.0,1.0,FAILED,SEVERELY_DEGRADED,0,1.0,0.4444444444444445
50,2210.0914616920054,0.01,0.2615,0.0,1.0,FAILED,SEVERELY_DEGRADED,0,1.0,0.35555555555555557
51,2210.1414616927505,0.0891,0.3,0.0125,0.9875,FAILED,SEVERELY_DEGRADED,0,1.0,0.2666666666666667
52,2210.1914616934955,0.1153,0.3622,0.0167,0.9833,FAILED,SEVERELY_DEGRADED,0,1.0,0.1777777777777778
53,2210.241461694241,0.0643,0.3121,0.0083,0.9917,FAILED,SEVERELY_DEGRADED,0,1.0,0.0888888888888889
54,2210.2914616949856,0.3574,0.5271,0.05,0.95,SEVERELY_DEGRADED,DEGRADED,0,1.0,0.0
55,2210.3414616957307,0.0169,0.3124,0.0143,0.9857,FAILED,SEVERELY_DEGRADED,5,0.1,0.0
56,2210.391461696476,0.0256,0.5102,0.05,0.95,FAILED,DEGRADED,5,0.1,0.0
57,2210.441461697221,0.0119,0.3142,0.01,0.99,FAILED,SEVERELY_DEGRADED,5,0.1,0.0
58,2210.491461697966,0.0193,0.5629,0.05,0.95,FAILED,DEGRADED,5,0.1,0.0
59,2210.541461698711,0.0135,0.2415,0.0111,0.9889,FAILED,SEVERELY_DEGRADED,5,0.1,0.0
60,2210.591461699456,0.0781,0.3661,0.02,0.98,FAILED,SEVERELY_DEGRADED,7,0.85,0.15
61,2210.641461700201,0.05,0.3402,0.0111,0.9889,FAILED,SEVERELY_DEGRADED,7,0.85,0.15
62,2210.691461700946,0.0963,0.3793,0.025,0.975,FAILED,SEVERELY_DEGRADED,7,0.85,0.15
63,2210.741461701691,0.0245,0.3549,0.0083,0.9917,FAILED,SEVERELY_DEGRADED,7,0.85,0.15
64,2210.791461702436,0.01,0.3522,0.0,1.0,FAILED,SEVERELY_DEGRADED,7,0.85,0.15
65,2210.8414617031813,0.01,0.1985,0.05,0.95,FAILED,SEVERELY_DEGRADED,17,0.2,0.7
66,2210.8914617039263,0.0278,0.258,0.01,0.99,FAILED,SEVERELY_DEGRADED,13,0.375,0.5249999999999999
67,2210.9414617046714,0.0407,0.3012,0.0125,0.9875,FAILED,SEVERELY_DEGRADED,9,0.55,0.35
68,2210.9914617054164,0.181,0.4673,0.0333,0.9667,SEVERELY_DEGRADED,DEGRADED,5,0.7249999999999999,0.17500000000000004
69,2211.041461706161,0.0986,0.2785,0.1112,0.8888,FAILED,SEVERELY_DEGRADED,1,0.8999999999999999,0.0
